,Occurrences,x,y
0,1,-0.50558652497809,-0.849454826204001
1,8213,0.47744095288217103,-0.43450728915631803
2,0,0.8189663745845991,0.21294176609778198
3,9946,0.24789679166860898,-0.7066403383389119
4,0,-0.711195867927745,-0.51279163537547
5,0,0.48833237607032104,0.698479830985889
6,0,0.47938011289765203,0.702686851293179
7,9494,0.46871813130565004,-0.503463488258421
8,9347,0.510290131319065,0.54137847212005
9,9176,-0.33284810911864,-0.400103929359466
10,7196,-0.638243328267708,0.4737994916271421
11,4072,0.652094316986678,0.42722489173491707
12,0,-0.5147394111117,-0.753602461548312
13,9402,0.5898301474750041,0.11369712059386099
14,0,-0.6129594543948771,-0.6735631297342479
15,3,0.0836557467496022,0.126570968747758
16,9429,-0.16829703901894402,-0.78777418253012
17,0,-0.7337753404348799,-0.46227398709526596
18,9982,0.11646226937882599,-0.8773867656011141
19,0,0.7970623165896759,0.20369977573653103
20,1989,0.38339206147939003,0.8235679227858779
21,3,-0.134424504939008,-0.38941524204208394
22,9570,0.29173820586875104,-0.579638419160619
23,1609,-0.8673034743423331,-0.0277740965166465
24,33,0.6083882319218891,0.7095334679854229
25,1231,-0.182316073402762,0.42258831965737
26,6,0.211016571809626,0.46382272582205697
27,1528,0.123173713730648,-0.36355130625888704
28,9499,-0.8630199580919,-0.506031678244472
29,4994,0.24739224552176897,0.8458011610899121
30,9580,-0.115866896929219,-0.78000118942
31,0,-0.675421506839798,-0.539913461697526
32,540,0.429161496660169,0.8163007517502521
33,0,0.0691949742014402,0.18352582533961498
34,9995,0.6264795421622691,-0.7672014839015899
35,9430,-0.145818323269486,0.0954589399974793
36,0,0.169013879462803,0.43184297297859897
37,0,-0.333331225464206,-0.661362337762172
38,9602,0.54120033229077,0.515696329356262
39,7248,-0.547594222705811,-0.508029217785224
40,0,0.400624577894125,0.70407657180462
41,9487,0.356629501283169,-0.5552091771271079
42,9405,-0.404153118655086,0.8302589006256309
43,30,0.217423838608995,0.44451072363423993
44,9995,0.570645732572302,-0.7967664370313291
45,0,-0.82079297196317,-0.31657487811086105
46,62,-0.44136597865852206,-0.8287169266118499
47,6,-0.13012947426760502,-0.313785451514279
48,5744,-0.0798787551974603,-0.373745881752529
49,0,-0.19815180288857198,-0.628232331514701
50,0,-0.622711233375594,-0.7118090615607799
51,2,-0.32571466411995803,-0.705854780256981
52,7763,0.649218100262806,-0.34195342878811097
53,27,0.8064296665827749,0.11255200549372099
54,6284,-0.70062445406802,0.39898636476136795
55,9985,0.510848434036598,0.249171700933948
56,8006,-0.6419019707478579,-0.143147832574323
57,6409,-0.256566654862851,-0.7724722187510559
58,7457,0.42188679291866704,-0.0854505674913526
59,0,0.0232607730211606,0.0387218960875683
60,3,-0.6435397236967371,-0.5179862587847011
61,0,-0.6730638576535921,-0.5212749202547949
62,0,-0.8602636414066149,-0.18173933895629998
63,0,-0.561270127053842,-0.7734456673732341
64,9513,-0.8651261677499859,-0.5169059989973901
65,0,-0.25141671935372,-0.6203548704922349
66,1,0.617510959488356,0.645433972507599
67,5500,0.0297596907243133,0.261849945131689
68,1112,0.556291916174814,-0.193867739941925
69,0,-0.43073243760103397,-0.7504316756421371
70,0,0.8735821023575879,0.0391524197789627
71,9564,-0.567040361696854,-0.349068171763793
72,9813,0.308226078283042,0.0599965715780855
73,0,0.8532509547484,0.0598959257382463
74,9081,-0.267355370661244,0.7832786468323321
75,5,-0.00334715947482089,0.0302148112767135
76,5,0.682173012710792,0.549751655782358
77,0,0.12444718979462899,0.305526055887225
78,5429,0.0727026125884787,0.0206056882806785
79,8024,0.150420689675957,-0.21474560983479002
80,9974,0.6659366162493829,-0.8502642713952809
81,0,0.10117788642915199,0.131938165291961
82,749,0.7951944808904009,0.369879251726552
83,6472,-0.529836035566404,-0.5543739535845821
84,358,-0.0201714028604328,0.49945187964476706
85,12,-0.212200248883239,-0.5492056539877871
86,0,0.33349786198660497,0.6024388354911371
87,0,-0.636305066375316,-0.546941997573531
88,0,0.37574338650823497,0.715032694947714
89,0,0.396701942683464,0.7258645299418001
90,7079,-0.7020356107503181,-0.234331422345713
91,1,-0.6678675526917671,-0.5796722661276109
92,8587,-0.8882779042236508,-0.3842918436974289
93,46,-0.645517277576797,-0.699740017110001
94,519,0.11845175810158301,0.44366721441038
95,0,-0.7044499496099879,-0.5160765581720901
96,6086,-0.555986238224432,-0.532620313111693
97,959,0.54874860313721,-0.21752878306433604
98,2958,-0.708109619328752,0.134952498413622
99,8934,-0.7868722465820609,0.577825843915343
100,98,0.149198783375323,0.584810165734962
101,0,-0.00076330571761174,-0.10645367856587101
102,8159,-0.794448967790231,0.483106304705143
103,9995,0.8791639998089521,-0.7926168819889429
104,9973,0.42099121673964,-0.8198829263448709
105,3,-0.23873502865132898,-0.582194239639383
106,0,-0.239381391393166,-0.688092742369404
107,0,0.0461040094615383,0.128781742464
108,66,0.830536831722894,0.259380795247523
109,901,0.0600143374859147,0.00431297914540285
110,1277,0.136607744498178,0.4278446190990511
111,8685,0.131882955366746,0.151309905666858
112,9923,-0.35066048358567103,-0.300680415797979
113,0,0.7083906468081221,0.38552334939194893
114,2662,-0.8924444343735329,0.0922714649786539
115,0,0.400853414126919,0.6359613637793929
116,1,0.182969192495248,0.4080731943274461
117,9995,0.867704092897475,-0.7624695873353629
118,3,0.11896658352658,0.31673791161677195
119,32,0.31641456733291196,0.7897796592480141
120,1,-0.748543755127585,-0.376602531252144
121,9756,0.8523610111791641,0.5205208028666679
122,0,0.0510317669974781,0.16228287590119597
123,4,0.294736411756786,0.5811715384115991
124,0,0.743881944829929,0.423610250142597
125,1,0.8799292895478791,0.0342244654622359
126,9375,-0.616173643106595,0.7519449201878159
127,0,0.328345833653785,0.607189226745889
128,0,0.5339467384191,0.7721349661835251
129,2239,-0.11070682173594801,-0.6644387881737199
130,2986,0.81166779496707,0.790167836565524
131,0,0.35004358766600496,0.5615377218928189
132,106,-0.818924936507715,-0.20094881832631897
133,0,0.762668791670808,0.295168931463325
134,3378,0.7123879782389849,0.632070511719212
135,0,0.270877486057008,0.588437842887091
136,0,-0.27076624032895497,-0.6571673856579361
137,1,-0.0153665165929656,-0.0471554212988444
138,587,-0.141545668663457,0.396978129493073
139,7835,0.589980563858795,0.543033752740373
140,8141,-0.613368031522259,-0.380246878881007
141,525,-0.647024473634454,-0.709857704637334
142,0,0.7524561519946501,0.33871734218163496
143,1,-0.7139200330320251,-0.402186509117932
144,0,-0.7833319818938629,-0.33082962236605
145,6,0.541023067144841,0.6816117484349989
146,0,0.0650897650513798,0.176320591103286
147,583,0.8145071244332941,0.0754019836429507
148,0,-0.0105906845438558,-0.0922779486701211
149,869,0.10137800280936099,-0.5129301727283749
150,9845,0.8823217875324191,-0.41436790851876093
151,1396,-0.643040162024234,-0.7566268913017601
152,0,-0.0764228859748443,-0.29314305729213397
153,1666,0.177767631970346,-0.325537085020915
154,9892,0.609881223924458,0.26193550801835996
155,8788,-0.46594302481971706,0.664692156761885
156,9713,-0.367421208741143,-0.35366555261425703
157,0,0.848305413499475,0.0621329213026911
158,5984,-0.0116039109416306,0.15940979467704902
159,0,-0.43133474341593697,-0.7484346709214151
160,7,-0.0439580739475786,-0.237985886866227
161,8710,-0.6331178762018679,-0.277687221765518
162,73,0.532215680309353,0.6614347706881519
163,0,0.7839037764086499,0.224925757310343
164,9266,0.4628488251473761,-0.487061585253105
165,1017,0.5392760386123421,0.645604386093218
166,0,-0.409122412092984,-0.730374217266217
167,9997,0.24503230433911105,0.11906049591489098
168,3212,-0.15763535876758403,-0.259756446629763
169,2,-0.40196567368693703,-0.7640193702187391
170,41,-0.181611459803591,-0.526655740533478
171,9379,-0.5808524498250339,0.7739926992449909
172,0,-0.6850514464047819,-0.554933507062511
173,9075,-0.143718782672659,0.835318295331672
174,0,0.7255880005626391,0.34940196088446995
175,0,-0.27250404692430896,-0.684994912637902
176,9142,-0.358265907363966,0.7706322869751601
177,0,-0.0844195732601147,-0.237329339643198
178,9107,0.8516324230469771,0.478028263198212
179,0,-0.0978100832441127,-0.263249969694582
180,2562,-0.692878711782396,-0.636412415932864
181,0,-0.565651425537535,-0.745523718198729
182,1056,-0.122090832309108,-0.444535970642521
183,148,-0.6787713254336271,-0.830838446784764
184,1,-0.48205852141107897,-0.7185675413260492
185,0,-0.24008069707681698,-0.611324354793756
186,1,-0.527641484499587,-0.755606845155983
187,9658,0.0676214807666838,-0.08321993937715899
188,6906,-0.44229695722460705,0.559106026170775
189,122,0.617615951505041,0.5813092838319661
190,5790,-0.590612457739189,0.42352424422279
191,9449,0.7193953662179409,-0.40381236830726297
192,0,0.185865315102667,0.380554505645226
193,0,0.744347096401946,0.32938007315694
194,0,0.0158306324543632,0.0585938854255035
195,2169,-0.4251152975019071,0.315556519059464
196,36,0.590133214510921,0.7218381401970569
197,653,-0.00680020032450557,0.545432526106015
198,45,0.625835724407807,0.7651542115956551
199,4956,0.480960863549262,-0.371724493755028
200,9999,0.343621486611664,0.22619505864568104
201,8927,0.0768033066764474,-0.213994385534897
202,3825,-0.62110937917605,-0.7677692342083899
203,1541,0.677733145002276,0.688013040460646
204,1102,0.485662455706427,0.855157186014854
205,0,-0.619718778949011,-0.713542562833293
206,9511,0.48632712517865,0.0797594308387488
207,0,0.6430695903902099,0.59374466951031
208,886,-0.50434036072983,-0.6874168796448061
209,6,-0.4605373280312079,-0.9
210,9999,0.321867717057467,0.20093499189242703
211,0,0.75175547786057,0.266008185502142
212,4290,-0.436464964784682,0.4425658436492079
213,0,0.142788261413064,0.35233845977255607
214,0,-0.550931441227367,-0.7506414798267821
215,44,-0.8563527536219608,-0.27457391423951505
216,9013,-0.30290358401835,0.7618560714181508
217,698,0.128607134940103,0.6471312201116229
218,9922,-0.30384575142525105,-0.188051034836099
219,9254,0.497447615303099,0.546675121877343
220,0,-0.334097537596276,-0.668799811607412
221,9604,0.248716671299189,-0.0450482251122594
222,0,-0.500738923806403,-0.7388553683765121
223,0,0.746154532714391,0.316511523412904
224,1,0.414349041692913,0.764267718885094
225,31,-0.612613418432065,-0.800591644164038
226,7781,0.16626302395016,-0.568702561408281
227,5,-0.8493313171394241,-0.195507055107472
228,6907,-0.0646654848475009,0.257699471013621
229,7,-0.8139244488373171,-0.339707457668193
230,0,0.752117773416869,0.3685662916931579
231,0,0.15381658573119597,0.334158984743972
232,9374,0.49197326083342796,0.532281080644469
233,2973,-0.744237553607672,0.12946321852505197
234,18,-0.862140981051761,-0.25890676646510197
235,5603,0.43035748726688305,-0.40878393156453996
236,205,0.0791445130482316,-0.44907625894993497
237,0,-0.8113686977532759,-0.260918100058599
238,9,0.554521137019625,0.7079798719048871
239,2937,-0.0425140132661909,0.35082996147684803
240,9392,-0.533503896463662,0.7913337840233001
241,15,-0.7236485451382672,-0.375532683883288
242,5155,-0.270437516737729,0.19299969496205496
243,0,0.0569223635949447,0.139816764874751
244,0,-0.459142248487478,-0.7911461822150742
245,122,0.9,-0.0904420624557095
246,0,-0.025266093430059,-0.15010762849189002
247,7832,-0.49572036573663397,-0.54454307584092
248,1396,0.306072966428474,-0.28983669988810995
249,188,-0.811980970592035,-0.20730338497774697
250,3017,-0.688896294403821,0.133063190616667
251,3854,0.8418391829822209,0.791267007077113
252,0,-0.227076325862756,-0.647317681796165
253,1581,0.38028253884985996,-0.36885918248444804
254,9859,-0.8223519542254509,0.857951076328754
255,2909,0.0164145860821009,-0.37901492393575603
256,0,0.42109105402121605,0.6919527412460109
257,4247,-0.485817917855456,0.407604289334267
258,8882,-0.20992448790930202,0.0947618548292667
259,23,-0.18824366255435102,-0.5050323768569149
260,0,0.40826808659900704,0.7007775212161501
261,3054,-0.47609717077575603,-0.6273009196389471
262,9263,0.427812240645289,0.00261565209366377
263,7984,0.7591103409882629,0.633245463855565
264,0,-0.7856294637629201,-0.39208250638036296
265,0,-0.577367072266728,-0.701742333784532
266,9949,-0.0556434372905642,-0.809760663053021
267,0,-0.21459398427536602,-0.6308573429957621
268,0,0.48164315487065895,0.689334810262137
269,8815,-0.84107715273276,-0.43548635495826604
270,0,0.15039371614577698,0.322933015080158
271,8577,0.194226103601977,-0.17001965423114598
272,6525,-0.342396766925231,0.106084909150377
273,99,-0.487176965106457,-0.83148878026538
274,0,-0.7384993302994509,-0.5105895338427849
275,2941,-0.261707173294871,-0.48374452489445596
276,821,-0.875248699651258,-0.0687294938331521
277,0,-0.708446726482362,-0.475325653050095
278,0,0.265444485967421,0.637947471596311
279,0,0.518550642812625,0.674319032812491
280,1256,0.107206865446642,0.35558877610601497
281,7830,-0.316574600944296,0.6585315744392571
282,0,0.45316360767453795,0.663302441593018
283,3578,-0.16139337709173598,0.56385164600797
284,1344,0.341135982730121,0.790605262329105
285,0,-0.427641083541743,-0.7373429882747579
286,0,0.343624497394342,0.630582811306328
287,1390,-0.255032524873549,-0.550342150503999
288,3224,-0.78850285531953,0.0980798450298608
289,5481,0.0167546449229121,0.716290086926893
290,1,-0.17260773236584,-0.46079432438726
291,9785,-0.0391311240848153,-0.757213925756514
292,0,-0.351004915877918,-0.6801964556732472
293,9921,0.265947570512071,0.0590572456363588
294,0,-0.39266255502078007,-0.781111633420117
295,0,0.752705627353862,0.28234284091740897
296,1589,0.343852002359927,-0.25136956083588297
297,0,-0.8197611981346279,-0.252889571875514
298,0,-0.22695006442899202,-0.588280806623732
299,1652,-0.8388074796181171,-0.10047628018073801
300,216,-0.558216570137344,-0.6619161208232061
301,196,-0.17754097986035,-0.544041616749019
302,1142,-0.379703972875382,-0.8531432318315509
303,6806,-0.6722960095811379,-0.693047043337922
304,10000,0.30779025619849604,0.279986185859889
305,3700,-0.458917407039553,0.144696894194931
306,4997,-0.226155637716875,0.577323050005362
307,0,0.183868912328035,0.4667033003177489
308,5747,-0.42442378629930294,0.0957562205381691
309,2,-0.23621015794248,-0.696298524482779
310,2,0.270700747998817,0.61274610478975
311,0,-0.0703769911165391,-0.228277759089209
312,3067,-0.56534508028999,-0.583090848382562
313,2,-0.0177638001752435,-0.066924840084455
314,5739,-0.0493216525297612,0.7015070500317959
315,9812,-0.540369083359838,0.8637246096041049
316,4575,0.0539164988863567,-0.0228456957571272
317,9069,-0.23734582420438502,0.0630036455579102
318,6839,-0.593288836721331,-0.045304799778387
319,14,0.32453885902650603,0.734207968180999
320,333,0.160888718208298,0.642164767719805
321,0,-0.490621905231959,-0.7970678246166449
322,7699,-0.342634701915085,0.639184416085482
323,0,0.0157071147304992,0.0351187174068638
324,0,0.8545290988701599,0.15600494506968
325,1,0.414883958442644,0.6604259636752371
326,0,-0.460392669724608,-0.761932067403308
327,41,-0.522070871572942,-0.889727271068841
328,8438,-0.815236158063635,0.502673406712711
329,0,-0.33382543232815504,-0.72918883780117
330,1,0.0361828018836841,0.0451970451487272
331,561,-0.14840008565224697,-0.296715149050578
332,156,0.5507114646490661,0.8602151436265559
333,0,0.0371995580848307,0.104564646072686
334,0,0.285604152966817,0.5487188635324989
335,0,-0.573089782965735,-0.735609953558213
336,886,0.291043978091329,-0.39936382281594
337,3500,-0.357387262629345,0.19197453330270997
338,0,-0.239215557672394,-0.706100302919546
339,9997,0.295997570967302,0.144054563390091
340,9975,0.613721801061183,-0.717813832266256
341,9555,0.49822676307521796,-0.49812095495872205
342,0,0.314549195433091,0.6170836031178499
343,9689,0.878250970831141,-0.365154587896541
344,9922,-0.362439578399062,-0.259561418602243
345,618,-0.9,-0.0278279997716139
346,0,-0.6061898866115419,-0.648086270743339
347,6889,-0.49383628615178204,0.0086738503072411
348,9006,-0.0715635095257312,0.11189413173124199
349,9973,0.309512618696317,-0.8572905379347501
350,9803,0.31724510835483694,0.0590018907096237
351,795,0.454143170127645,-0.249169441172853
352,4589,-0.5198133379686621,-0.5973385327029971
353,0,-0.624860986915454,-0.6346454243827779
354,920,0.22138352897018201,0.732630073651671
355,359,-0.8860919083216099,-0.240360310541081
356,334,0.18127860333770499,0.5126690709963441
357,0,0.170961739754395,0.34635030147345
358,6790,0.242591175204143,0.885779823409393
359,4277,0.19013684168458,-0.514128044340759
360,7139,0.6897308268584311,0.0575996314175427
361,0,-0.6401065255417161,-0.649941212628688
362,9995,0.88544466169551,-0.782776294229552
363,0,-0.8220796741265319,-0.24389423068153304
364,9976,0.7910092509817329,-0.706513267429546
365,0,-0.5763892091063729,-0.7310642163834978
366,579,0.0305668423380373,0.14454723617388002
367,9250,0.699199302121997,0.16932582501322002
368,3088,-0.666210365854204,0.214165260689333
369,9325,-0.578768686903641,0.7464520779903979
370,0,0.46786312872650104,0.709920587030185
371,1436,0.36106020727444604,0.802639188100235
372,0,-0.675386191122004,-0.49290517745151097
373,0,0.141530857942022,0.267687826566947
374,0,-0.304661469257342,-0.7266965356019379
375,3,0.698208863167117,0.529514684489541
376,35,-0.333543326379731,-0.6221794397570191
377,3781,0.764991041627706,0.163842906804522
378,0,-0.40403742693732897,-0.7426851900524629
379,8786,-0.0755464528687299,0.0509219309315085
380,0,0.841515228326442,0.0761806574287524
381,30,0.255057820468784,0.5908204137548431
382,493,-0.0926229062955826,0.434177518682554
383,1973,-0.15882355179637697,0.4992591323331
384,9329,-0.48598974854685406,0.7801777638494971
385,856,0.896691347658634,-0.10262564406730199
386,5611,-0.375571789234118,-0.8245994140019879
387,9965,-0.8902324278373269,0.8901472945231942
388,0,0.7087525863200429,0.41984932785853707
389,2308,0.5881987978942529,0.605131966761188
390,11,0.6963741341172801,0.37517181541244393
391,469,-0.845884782308713,-0.327916040970013
392,8038,-0.255554126870915,-0.8351530469463109
393,0,0.38912535271892895,0.7143515099492979
394,8831,-0.49489183388650393,-0.49620401118882
395,0,-0.6160319940989001,-0.618147307603147
396,10,-0.586375806760043,-0.8484928902704271
397,8559,-0.42705243243835905,-0.509047429589555
398,3826,-0.31362087149173,0.49319440713152296
399,0,-0.633185614259072,-0.644007858933108
400,8779,-0.49881267696618997,-0.0964035243261605
401,1926,0.309762518433854,-0.24915806022472697
402,8220,-0.857402875972912,0.46563893021084396
403,0,0.0128831485880008,0.00178420832364068
404,3542,0.7100735066050121,0.6384229972744789
405,0,0.42899704612505496,0.677660326387454
406,9774,-0.822685698140413,0.770345506444573
407,10000,0.297448094096035,0.230990894464776
408,2600,-0.600307795917615,-0.5312565116677429
409,5223,-0.6786895658355209,0.35451739998534293
410,8457,-0.28336907629855,0.0782783242408186
411,2490,0.27172985365551106,0.49443062372412605
412,8,0.8765051651914909,-0.0155417316124552
413,9346,-0.142004216182977,0.8814837732352321
414,6090,0.302640506671742,-0.181977891270071
415,9,0.814161545156064,0.285356880621425
416,1,-0.599937837918746,-0.659198271295724
417,0,-0.21619518198284,-0.606539271550281
418,0,0.17654828520236499,0.435193254639358
419,0,-0.310692308542631,-0.6895618454695921
420,45,0.345283538364907,0.7598184012714909
421,10,0.47789047602564094,0.8023146136198192
422,0,0.0178278929531449,-0.0081221735000403
423,0,0.17202488117856302,0.335906540862591
424,0,-0.6317152195008929,-0.6892474893779929
425,23,0.24335494386032197,0.545155642507598
426,23,0.554267695359886,0.832136405445635
427,9972,0.7555687832180409,-0.601135510951281
428,542,0.41722746690557005,0.810331534028598
429,1327,-0.100434167308691,-0.39239783810158296
430,8735,-0.218744829157367,-0.784903734829277
431,7298,0.343157365964726,-0.133626902941615
432,20,0.17990843039006,0.34766096002422303
433,5453,0.41890680463984603,0.548382422095165
434,2381,0.7342926853336391,-0.18347065541893198
435,6783,-0.422653763042763,0.0517317082732915
436,11,-0.49557602261035205,-0.882674154721134
437,8429,-0.7832125458866359,0.512878240970895
438,6537,0.635158945480361,-0.321067301044241
439,7763,0.54165318547748,-0.0025063239969314
440,0,-0.35379489745095594,-0.687033080688063
441,9375,-0.5723538269754499,-0.304581138538197
442,4288,0.576629116013646,-0.308930302737281
443,0,-0.326453903414297,-0.7109467781297009
444,0,0.860237054110695,0.10039356642417999
445,1894,0.660575762584597,0.428882442860278
446,1708,-0.8692773088126579,-0.0198720986250941
447,26,-0.775511623502336,-0.283203011639659
448,88,-0.524569421180078,-0.891748158486876
449,51,-0.19356249365955602,-0.6549564370885489
450,9645,0.0328668534290045,-0.7110605136025699
451,9959,0.632077513542026,-0.580507331248373
452,4,0.5406741086236071,0.7062809352839259
453,1821,0.127341273939237,0.67581535843201
454,9974,0.8845299404114491,-0.878183841845021
455,9916,0.294330709241331,-0.665745396120474
456,2123,-0.54322629011505,-0.625820001955164
457,9397,-0.240179067151621,-0.257879952667281
458,0,-0.602862004447515,-0.635795734803154
459,0,0.135342005642248,0.31038836912848
460,0,-0.0551892991106145,-0.258723518099193
461,4055,0.49210550738498604,-0.110452628368512
462,7641,0.264405949506909,-0.52122919857502
463,45,-0.470784635056883,-0.701686321651264
464,8711,-0.610209341906011,-0.16138012027368
465,0,-0.0432846591136545,-0.223325174502285
466,0,-0.6251581884422851,-0.6266581088721089
467,7990,-0.138180223898962,0.183192091668025
468,1125,0.49237545370124297,-0.21345492373220604
469,8764,-0.532548654126003,-0.11485094614327
470,2244,0.249509796069936,0.47447147189818895
471,3,-0.573910587828646,-0.65411880811811
472,1306,0.692177019645396,0.6177878371219829
473,0,0.0955292100943455,0.182974311662657
474,22,-0.158471817503861,-0.37453027146845297
475,0,-0.5494215480416079,-0.782801824694696
476,9319,0.031316117523238,-0.146438836399466
477,12,0.7852492303900028,0.155627608252916
478,0,0.732425269399945,0.3788818176265121
479,172,-0.735664686433688,-0.33458352061318497
480,3,0.76455031906161,0.39657626419128
481,0,0.767688692200837,0.35854319128103496
482,0,0.7821494890890379,0.22094714350389605
483,2,-0.625855834806734,-0.551070473915255
484,0,-0.6682734547339649,-0.628064267369298
485,5273,-0.760360805690289,-0.0895789179950952
486,1533,-0.282544170040637,0.36896906001493296
487,7567,-0.41419041333720097,0.600672196224332
488,8078,-0.191400180570781,0.7302862550597641
489,0,-0.0498348141112787,-0.183755144135538
490,0,-0.275860422041437,-0.667273126135389
491,0,-0.165847505207121,-0.44622478990180997
492,6203,-0.24426738526672104,-0.763341878168285
493,1368,-0.27382881212979604,0.36155293439514896
494,0,-0.776134857332053,-0.360065763484317
495,9973,0.14153117635287302,-0.811382717220113
496,7446,-0.8627746989950541,0.3826385661028329
497,0,-0.6894620490363221,-0.544620135895348
498,0,-0.763367762888753,-0.42517605284511
499,10000,0.219489413313568,0.22641960983164602
500,39,-0.44146119017613394,-0.685043349071669
501,1718,0.00695809945464132,0.11976614445447901
502,0,-0.23484525962730804,-0.6122718637917
503,0,-0.261642060941085,-0.720463347667828
504,5431,-0.684951267438009,0.370130899501964
505,0,0.530841388417796,0.783631053440977
506,0,-0.48303493615239895,-0.7897468584124
507,9832,0.695348527980968,-0.46068988451734205
508,1,-0.370904008492786,-0.7197686238615401
509,10,0.6006349420878461,0.682156527853715
510,2,0.0178071296410113,0.00597252383586666
511,198,0.7790129676461222,0.8979799630120401
512,512,0.0807243127841503,0.604628190910444
513,7873,0.24958415153147304,0.41994769994433
514,12,-0.577593398537926,-0.8332004126924429
515,4981,-0.33583585107699,0.524809643765911
516,9317,0.42500710724853,0.5059435928240421
517,9826,0.8588561395648859,-0.39384492966346396
518,5471,0.8359688613563779,-0.201800833269954
519,9335,0.562705855350942,0.08959276070818302
520,0,0.207425352247003,0.481937200134473
521,9840,0.713928580004722,-0.468394951103255
522,0,-0.466468345879452,-0.785760828118438
523,6330,-0.299762911374943,-0.792845949570962
524,7,0.5873602638021109,0.788687144033611
525,5928,-0.5134787058457729,0.0384470057208091
526,8612,-0.10530609749257598,-0.717143915360793
527,9970,0.508082558121532,-0.617817242536694
528,9998,0.45615798812359604,0.29946620115079
529,0,-0.280672253435478,-0.694425591174513
530,9997,0.21342244008556002,0.0665344673674554
531,1219,0.009738481450442541,0.11178831083779199
532,0,0.784763453202322,0.16084191869013
533,9947,0.7386372776236391,-0.663766252761707
534,6651,-0.24537374828942102,0.160502480948344
535,0,0.39549036814839,0.717808220429266
536,8335,0.29096009619534,-0.530599770694971
537,32,0.301671384028098,0.538320449144329
538,9152,-0.500802718056366,-0.45830709007568704
539,492,-0.751303304937528,-0.51404907089576
540,0,-0.278040800206532,-0.6367420845934371
541,0,0.0345239703213848,-0.000993058230767452
542,32,0.679182391161382,0.58433764488788
543,6133,0.823882223619148,0.0168485519941897
544,1,0.855177389091282,0.154619359998603
545,0,0.173799841584302,0.404048596610305
546,0,-0.5836046025459871,-0.6909182307712161
547,1,0.796404441492632,0.32991445516236106
548,0,-0.607122979207964,-0.717576969461954
549,6053,-0.691522169066593,-0.0554315255954861
550,0,-0.036684863026387,-0.181730113000599
551,2801,-0.6443518887273969,0.20126673630438802
552,0,0.487141814313408,0.6731411706742371
553,8,-0.5816077436578471,-0.783782686393271
554,9326,0.720451703108847,-0.37927607260644397
555,79,0.198949273208001,0.5398300522516529
556,0,0.319399098836732,0.631644308690169
557,0,0.747730131835111,0.39374220643378205
558,65,-0.545720301431499,-0.857289058712697
559,0,0.379767533110019,0.6256817262298361
560,0,0.0746937297453777,0.086697556776931
561,9122,-0.35147591955028495,-0.433844576915726
562,0,0.201416320167482,0.49334695902653003
563,9945,0.151236317167059,-0.72520253858529
564,9178,-0.7423306077718741,0.6475510629359631
565,6222,0.8011503601446751,0.482068413030356
566,9257,-0.263124134391546,0.8409298789221791
567,9989,0.5870081245433539,0.354789313534275
568,8878,-0.0735283629968762,0.17202943721786101
569,0,0.433771440852903,0.6977123043607479
570,7655,0.109186184825376,0.8430708772502841
571,1229,-0.0596010237000882,-0.463474589120597
572,5433,0.7887004758697,-0.221284532826394
573,3,0.327459097327664,0.7301332865841679
574,7267,0.533960469206795,-0.38669499862007795
575,2049,0.578688975162182,0.627073635957051
576,0,-0.45522894180654705,-0.7574508103141742
577,273,0.8991098242811859,0.102954023564234
578,23,0.7648064572642241,0.41395292179771503
579,9782,0.233592559257522,-0.0138002637773752
580,1427,-0.536277551623061,-0.6765483411960301
581,1389,0.48213045545853705,-0.210265024937689
582,3841,-0.6552770964335649,0.27441803771071105
583,0,-0.626753229798545,-0.6346000644344821
584,1,0.514286172310091,0.7836153113517779
585,6,-0.12555948626250002,-0.553208049712703
586,6493,-0.379419753821704,-0.8401384716930258
587,88,-0.48123193914618,-0.8329786354044642
588,0,-0.638236216390904,-0.6778287026766809
589,1,-0.393264723848551,-0.727374495053664
590,9947,0.6376116818748421,-0.653980542579666
591,0,0.294238123739766,0.636376362355376
592,1974,-0.108163573269754,-0.166703407575196
593,4,-0.132707342053873,-0.553411733248585
594,9849,0.82421398689039,-0.43823874900117504
595,8549,-0.498463105922565,0.627380616869778
596,1868,0.35757407639175703,0.5331231879070399
597,0,0.366936260698681,0.710357028382023
598,1896,0.431375410314649,0.8804985739756371
599,37,-0.519505256507546,-0.8577157242223621
600,0,-0.43371770056498704,-0.789360970103756
601,0,0.782867885380983,0.289349521882832
602,0,-0.10421633993186802,-0.289646999582633
603,2911,-0.071367306355387,0.5881859466433521
604,0,0.7916141513968991,0.25876136536265804
605,9973,0.24461625474505105,-0.854173239413649
606,0,-0.785618829683864,-0.366695670292221
607,9922,-0.292860619397834,-0.147905951924622
608,8784,-0.0628284813836216,0.078379504289478
609,0,0.36783167473040507,0.636868227599188
610,1,0.26519565733027695,0.632618893339768
611,1,-0.14742188804397502,-0.40451151672919505
612,6272,-0.39410706530325107,-0.544321084488183
613,1731,-0.11470648668615499,-0.19033905176572896
614,0,-0.7581748760237671,-0.382300602181155
615,6435,-0.7182329613715409,-0.116035857656971
616,0,-0.7941744868643579,-0.32289562211371997
617,19,0.6140216050867329,0.803542694114739
618,9988,-0.0934820693917573,-0.889539012685418
619,9777,0.26833280408754995,-0.6272580948192629
620,156,-0.28435449004779606,-0.5832928172977739
621,0,0.0783459446061272,0.208456450002195
622,0,0.33031506785676196,0.56015826172631
623,9270,0.40083474657606394,0.502006295852456
624,0,0.332859356041457,0.6312031045377919
625,1,0.023476604372262996,0.0957902615424245
626,637,-0.829996443831725,-0.36300834949812205
627,4,-0.68488445695182,-0.4492208689550229
628,0,0.697322569331315,0.47131266105738295
629,9812,-0.531276655057445,0.869683227036148
630,7208,-0.555559075484052,0.513084794953465
631,3058,-0.0208975961281941,-0.20677352696697898
632,9041,0.57915747477673,0.5257639050018039
633,0,-0.25986091000419503,-0.6667180182794991
634,5463,-0.724467219365761,-0.235594123369083
635,1038,0.636177870165557,-0.186999745946377
636,1708,-0.00184983531944449,0.0967910482082516
637,0,0.242060016868663,0.56800074828588
638,0,0.696107781491453,0.39405585123575704
639,85,0.46791862779205395,0.61996469366097
640,4178,0.21971738389693202,0.8078554493375121
641,0,-0.0123212218607008,-0.0834343677699363
642,4790,0.0538992717862129,0.33541551958769605
643,9798,-0.8628079751506451,0.777192873414606
644,9746,-0.346068096254021,-0.32344088628888107
645,0,0.48571946847060504,0.7758022755904379
646,0,0.5503561455238829,0.7643401231480821
647,1,-0.7750174711458381,-0.30159584912471504
648,9994,0.5218015782069411,-0.7526270159985871
649,1176,0.0184909419156611,-0.42542657372541703
650,26,0.461038400045089,0.622252274364947
651,0,-0.703993810986506,-0.49882172217253706
652,1755,0.102125181164593,0.653867589309812
653,0,0.330058295745403,0.6427958324085921
654,22,0.877887599665366,0.105982726531859
655,1208,-0.0864065155852586,0.382236780412495
656,708,0.7971305454955641,0.36241163428821205
657,6046,0.6908505803905429,0.0284353412222117
658,8741,0.893323544226587,0.716553141223267
659,5,-0.154000130187501,-0.5898198841443549
660,0,-0.11699395808473802,-0.33639142335220396
661,38,0.538248496223241,0.892535550193861
662,5580,-0.242714162450284,0.199587616045028
663,9777,0.11759076733142099,-0.09949671481736001
664,9998,0.20404559201560898,0.0813851550221443
665,37,-0.149054201973224,-0.45309990752398
666,1260,0.197849871497601,0.7131061912514269
667,3181,-0.580099303973839,0.286013645119965
668,12,0.133942279669026,0.37322656966051204
669,6,-0.5536528090701089,-0.8318369507939691
670,0,0.661007796176469,0.50271838640759
671,2570,-0.55344654696441,-0.6070808037194799
672,2348,-0.140245612431318,-0.23775278446264603
673,4965,0.000983447441831209,-0.35798197165131607
674,8772,-0.852150545781478,-0.7093451613094659
675,15,-0.8612130569759759,-0.21840115981176503
676,0,-0.266605184785362,-0.704334649693863
677,40,-0.16448000418641198,-0.5439132472241099
678,1968,0.586936248047277,-0.25756447752937695
679,0,0.49826696204724497,0.7835962751380869
680,7,0.274067261161796,0.6761022476919261
681,0,0.73251619749037,0.41070387803093894
682,0,0.847775952564552,0.0967885110061616
683,4,0.644304040365275,0.61752958517522
684,8857,-0.6288786494638771,-0.227073487546295
685,0,-0.742886304901913,-0.420903259143233
686,0,0.863148996064765,0.05765880451654401
687,224,-0.800795170838553,-0.222590988293154
688,2149,0.2931121699512,-0.251761753018945
689,2825,-0.631707000732422,0.18231860473751998
690,0,0.12037423763798401,0.25848907847568803
691,0,-0.525454689888284,-0.7810682295821608
692,9433,0.556716308472834,0.539447013903956
693,3246,-0.156329662012583,-0.255492368042165
694,1,0.46435520497348903,0.709825300853168
695,0,-0.798867142642779,-0.28216636606758194
696,0,-0.42895532226254096,-0.799421951007385
697,0,0.28656064893028005,0.633999076980864
698,0,0.0450944324894881,0.10712581159411899
699,0,0.04331238451622,0.125519969286202
700,513,-0.15770783068481603,-0.32561595099107
701,9232,-0.532040821854025,0.7476611457299441
702,8729,-0.866988414153457,0.511704350821674
703,0,-0.700051475451961,-0.5751422352376739
704,8069,-0.0561104547232388,0.228617726219818
705,198,-0.515944922459157,-0.7128295166235329
706,700,0.125590790156275,0.645717830490321
707,8271,-0.68574132216163,0.535781851736829
708,6162,-0.727399454684928,-0.14464703989215197
709,1,-0.272700687160844,-0.600349697939146
710,6181,-0.482534321537241,0.507462226459756
711,112,-0.48412760642701,-0.83787309408965
712,0,0.36544967981464505,0.5958974089852049
713,0,-0.196989511896364,-0.5875309526484129
714,0,0.457012403600349,0.747703546534945
715,9105,0.842006259877235,0.675927313836291
716,3,0.7020898962154589,0.5086954561961761
717,8936,-0.8130517469253391,0.569731108099222
718,46,0.261487389877918,0.5384956833992489
719,0,0.5170730874578859,0.7075787212087421
720,9271,0.444455871032551,-0.496241351729259
721,867,0.557098201164954,0.6609166732309111
722,0,0.18160323538838397,0.3901393157042439
723,0,0.7460663193776139,0.423598839221938
724,6657,-0.667525316728279,-0.0741208985913545
725,2216,-0.45706487107090704,0.289743157010525
726,0,-0.349311189932291,-0.7560344912859571
727,1214,-0.22871439596638102,-0.46683516483753895
728,1459,-0.41854607634197205,-0.6346287174987829
729,21,-0.583102121327785,-0.7834539087990409
730,9,-0.0633918789681047,-0.125649526761845
731,5325,-0.0100194936152548,0.69431896917522
732,9106,0.128884280892089,-0.62548921443522
733,0,0.80736585566774,0.263564102584496
734,2492,-0.758568903903893,-0.254151317717852
735,3503,-0.17756416043266698,-0.295623672707006
736,0,0.0712126148665712,0.0762212626010959
737,0,0.30140421391268896,0.6115967415147839
738,178,-0.8877687485750909,-0.0750233703532607
739,2,-0.891165570122347,-0.137086204238812
740,175,-0.14296443923070498,-0.46591778171261494
741,0,0.799801105185764,0.265609480570358
742,2614,0.7327229971066109,0.563839674554765
743,1487,-0.21039257026277502,-0.429300972260535
744,0,-0.60492036054217,-0.719633779141259
745,1859,-0.568144395687839,-0.611052044073102
746,0,-0.22107193580661497,-0.6602928445062409
747,2,-0.5498372083411179,-0.7943953585364659
748,0,0.725190109899268,0.362031926214695
749,0,0.48279297240078495,0.7265039304737
750,9800,0.14372219201177402,-0.0660500394646077
751,0,-0.407312298175294,-0.7879344342125559
752,1512,0.700440336949006,0.601810680019847
753,35,-0.21693569661128603,-0.539770153006007
754,8098,-0.0490910449996591,0.794924862496555
755,0,0.8881057720841559,0.0346181313906393
756,3019,-0.6019307628739631,0.148230175254867
757,261,0.0250120530870032,0.123559540002112
758,0,0.5027996746357529,0.729625120712444
759,0,0.7712113517491129,0.294003385569792
760,1183,-0.22623164090376702,-0.5377768342598279
761,9883,-0.472115193447098,-0.290517374547198
762,8952,-0.0507101361639798,0.8551002259366209
763,52,-0.140733108529821,-0.533626233693212
764,9,-0.108563886755093,-0.38118364717180797
765,0,-0.46956235258332496,-0.727499114355327
766,9972,0.8194170283153659,-0.6881475012749431
767,3576,-0.74609666427195,-0.240705268140305
768,9,-0.535272555864256,-0.7269052950736551
769,5570,-0.7071810699999329,0.36576377581805
770,24,-0.855642588923722,-0.24105809181467203
771,0,0.383875168563104,0.7397923897409708
772,7590,-0.8972740399651229,-0.326125302677974
773,6340,-0.32515773642808193,0.5919959587510679
774,5,0.242404213135393,0.559460398547431
775,0,-0.40779982999340797,-0.693809861162804
776,3723,-0.19563131751492602,0.260674524446949
777,1590,-0.247971771145239,0.415443574497476
778,693,0.28208195879124104,0.515454570623115
779,9726,0.570816893549636,-0.48133942340500707
780,9621,-0.466318043321371,-0.22751080705784302
781,9298,0.475070375483483,0.5337581003084779
782,0,0.19795007756911198,0.3986687602009629
783,19,0.5948769018519671,0.747887020837515
784,1108,0.43983148369006797,-0.237002915935591
785,0,0.23126541813835502,0.5761928467545661
786,1,0.547958645818846,0.747666127180274
787,9995,0.895983998011798,-0.7836864130105821
788,0,-0.4055104600717921,-0.798940862929039
789,9134,-0.505282377172261,0.722469293838367
790,0,0.22574035694276298,0.56258222801773
791,30,0.0568307489475611,0.0133727330518775
792,341,0.21680879727937302,-0.39913927959278206
793,7,0.8896584728267041,0.0014098558109253401
794,0,0.8847217971459029,0.0428904244210571
795,1,0.302053286372303,0.625560753663097
796,2727,0.719819385744631,0.741400788165629
797,1819,-0.0895272779278458,0.5402584325987849
798,0,-0.608164587523788,-0.626141740567982
799,3211,-0.343681866489351,0.423924211459234
800,10,-0.49590320435059204,-0.820298006951841
801,5126,0.747342085652053,0.582859789486975
802,0,0.443629776220769,0.6198356882203371
803,3805,-0.4965630738995971,0.13105638907291
804,2,0.8501782929996591,0.0338742703064385
805,0,0.7412039865273979,0.283983642468229
806,6090,-0.8889997834805401,0.294238061131909
807,2354,-0.7619106158262192,-0.510149676946101
808,2310,0.146396918501705,-0.324801806872711
809,0,-0.563134884997166,-0.75952542387074
810,0,-0.0537461832411841,-0.214349599776095
811,0,0.670084875678638,0.5422348875353591
812,6399,0.0380284612532705,-0.31950014205649496
813,1382,-0.38512801792893997,-0.8547623530155921
814,9956,0.593053040119653,0.43102913722552894
815,4345,-0.6019445117097351,0.34061567871831394
816,9501,-0.8646037551574409,-0.617099279724062
817,0,-0.0690217455849051,-0.238949417229742
818,0,0.46009200729604105,0.71696952559027
819,6,-0.17944013319537,-0.4695134587472921
820,0,-0.5290521752406679,-0.8005966792694851
821,0,0.5337396286085979,0.754826362554688
822,0,0.44805676242734405,0.7681773415236709
823,788,-0.0956986314151436,-0.633623370341957
824,3027,-0.8932300733357871,0.108770611137754
825,0,0.7771615478693721,0.27661339158313303
826,114,0.19434321418905898,0.53316974859905
827,9982,0.12989693298004598,-0.876245852792636
828,324,0.682446560336044,0.6056718118317739
829,9995,0.8075060597620909,-0.8412964312825351
830,0,0.354624507113105,0.6953033665036661
831,8705,-0.404832665948197,-0.014121982594951999
832,986,-0.0490243260676063,-0.0412901246000865
833,8521,-0.148030206095427,-0.7329602653160692
834,18,-0.488993465985106,-0.7171469780184591
835,9168,-0.809571691369638,0.6218885152135041
836,6799,0.0756163302809,-0.6003745137713851
837,131,-0.197060081642543,-0.452789037880288
838,6,0.0276378720088354,0.11570450558748599
839,41,-0.17592198452774901,-0.488106594100192
840,9511,-0.27758931443095197,-0.0377789030782878
841,978,-0.8922973231785319,-0.0236959700573387
842,0,-0.380649178418051,-0.785488448881121
843,9011,-0.8834456440061329,-0.420219634892419
844,6153,-0.22972652879543598,0.18971197810024001
845,9995,0.551502864249051,-0.800538521865383
846,9974,0.52457746504806,-0.856084568984807
847,3843,0.287782343616709,-0.21851018867455396
848,269,0.21111178878276396,0.41326300401089205
849,7466,0.128664307063446,-0.243803594447672
850,9806,-0.785653553903103,0.8006215110886841
851,5165,-0.18338155285455301,0.6102915398776529
852,145,-0.331756111465641,-0.6092152559050881
853,21,-0.23922009037515196,-0.577530296927805
854,9357,-0.638985360972583,0.7362681201193481
855,176,-0.6004554867580729,-0.7728937330509041
856,0,-0.626029826217433,-0.5819493049700811
857,6024,0.663632782688364,0.0164603148121387
858,0,0.510539034235293,0.7549647363127759
859,0,0.691622214477748,0.482664838214179
860,8716,-0.0167852736543864,-0.6765018899459391
861,8752,-0.6140088414307691,0.6125538784079251
862,9757,-0.355280586937442,-0.322443138062954
863,0,0.0673397869292672,0.162528182955711
864,0,0.0649646586575539,0.0436488776219784
865,0,-0.5498904937221011,-0.7162092681860891
866,0,-0.586005101531332,-0.716704146330635
867,2342,0.763798995735124,-0.0099049238953739
868,0,-0.532273387603951,-0.785799692300123
869,9975,0.556869374820962,0.264819830702618
870,0,0.16167597757162802,0.365852814834693
871,8954,-0.082090105349198,0.8438241052441301
872,0,0.503104999262275,0.686991845611134
873,0,-0.549385187380766,-0.74482657436711
874,0,-0.468896994959076,-0.747118172092475
875,0,-0.23797602146851501,-0.6637915503303511
876,6125,0.31654901853762607,-0.171285479608923
877,9667,0.509547955775633,0.123527937987819
878,191,-0.143649280216766,-0.47274265404367405
879,9508,0.692936232173816,-0.42147178770974303
880,9681,-0.389945019967854,-0.373252715868875
881,8697,-0.8616167026106271,0.5045785433147101
882,1826,-0.870091705950506,-0.0132013705116809
883,131,-0.579747479389288,-0.86716689888797
884,0,0.169279085588868,0.37562126543056196
885,6012,-0.506051011104137,0.038356757350265995
886,9633,-0.310093016875908,-0.0903520509134979
887,9766,0.841455770423636,0.554365927912295
888,0,-0.587184407889342,-0.6458299961566739
889,799,-0.843590147048235,-0.34176320484839395
890,0,0.7580864352335219,0.33536953441503903
891,54,0.610235673606172,0.632793396627461
892,9759,-0.682952273217961,0.7847716167569159
893,365,0.6292058605309611,0.537472815034321
894,0,0.795746130665767,0.19312599407721698
895,14,0.46403666898292295,0.806692385250511
896,0,-0.39892841710529797,-0.682445339684533
897,0,-0.38209430947483897,-0.774259749412898
898,0,0.8397849474193171,0.18634154348969
899,9922,-0.299047543527558,-0.17571524586528497
900,8953,-0.103600380616263,0.00977845103479924
901,0,-0.450399469767267,-0.7862715569978951
902,0,-0.519187943916934,-0.7747376598430659
903,71,0.22738739491691198,0.49060890741301594
904,9528,-0.48878676826134293,-0.184839756740257
905,0,-0.630890071619665,-0.628158345772043
906,9846,-0.7555830135941508,0.862690134812146
907,0,-0.527123393762657,-0.7708691328053572
908,9968,-0.16892232731916,-0.842143804812804
909,8640,-0.173544704262167,-0.187830175459385
910,0,0.4599354122986489,0.784686990448764
911,4927,-0.6722261436749252,0.33655917495489096
912,9995,0.496607528999448,-0.796212021913379
913,139,0.23772081280359303,0.49871815208263504
914,1806,0.7102349506225442,0.585500827431679
915,9944,0.11412295270711201,-0.7344617085065691
916,9127,0.8467797646299,-0.306668009469286
917,5041,-0.594134582905099,0.398110887547955
918,9838,0.12638848414644602,-0.0428327548317611
919,9950,0.889569997647777,0.5462691691238429
920,9756,0.615407092915848,0.41820277883671203
921,4853,-0.703237605001777,-0.723344649514183
922,2602,-0.8904163096100091,0.0864645175170153
923,9967,0.45917890104465203,0.40512394881807295
924,9822,0.603998655499891,-0.49223232138902
925,49,-0.131024576259892,-0.420306429210193
926,9615,0.565969948237762,0.517233128333464
927,5096,0.127385181700811,0.757994340453297
928,5819,0.0374475665378642,-0.0688159708883878
929,0,0.403661527769955,0.646713742818653
930,0,0.6974986535657031,0.409401587403799
931,38,-0.517509762863035,-0.7293583094732641
932,10,-0.20030787123000499,-0.6427001208592861
933,9974,0.102545056678355,-0.772667389595881
934,218,-0.15443766546747198,-0.335067676425367
935,1,0.241032332586309,0.5714022459554731
936,0,0.8209168946549229,0.207662453801927
937,0,-0.0595726799265999,-0.271801204579438
938,9755,-0.41184109663590796,-0.35364242442883603
939,8459,-0.601251826621592,-0.37278441390954
940,0,-0.26545061797859604,-0.694982160513524
941,8243,-0.43347584274597495,-0.00917286858893929
942,953,0.5006786495447161,-0.22642603246495102
943,0,0.0357608924890191,0.0867361367972315
944,0,-0.624812827210935,-0.6599577671618471
945,8137,-0.102466466696933,0.7783848257269709
946,2057,-0.776739787872187,-0.233817362386623
947,0,0.35530668076663,0.6877338036844302
948,6600,-0.651005685282871,-0.0582196231931448
949,0,0.7803230331344859,0.36224816346931704
950,8802,-0.298257260816172,-0.39260517661459704
951,6297,0.769166821846739,0.0862842286471277
952,0,0.349995955824852,0.570448029460385
953,1757,-0.862184105906636,-0.870752759976313
954,0,0.7611383479384279,0.30445821330321504
955,9603,0.18978800741024301,0.239936307957396
956,5463,0.7434610649943351,0.7133631280157711
957,0,-0.701876551158446,-0.534580887470681
958,8327,-0.791033852705732,-0.49970230660401294
959,9275,-0.44381345515139403,0.7867463566828521
960,0,0.0853801789132462,0.204623776487469
961,86,0.114232313772485,0.33879805331430607
962,0,-0.389983000007591,-0.7232400330465629
963,8530,-0.627250670129433,-0.158988359291106
964,9951,0.387722837459296,-0.662290423829109
965,71,0.36449268949659896,0.9
966,8867,-0.0523974769748747,-0.698438861500472
967,0,0.0449267174515733,0.122062488698911
968,9994,0.539151298021898,-0.7565559392329309
969,0,-0.5864480889800129,-0.6867329625539259
970,0,0.788010556390509,0.28939781463705
971,0,0.8191913982440608,0.235739092016245
972,166,-0.0837751843035222,-0.528219463583082
973,9044,-0.0924497403670103,0.8517198882065709
974,965,-0.8972290976601991,-0.00837632213649331
975,166,0.361325132650752,0.770229128333353
976,0,0.169259842689853,0.32920327841006297
977,2301,0.5834225801814239,0.6167244959611989
978,0,0.7529706240392471,0.24290310143303498
979,0,0.499319354631007,0.6795728134922678
980,9407,-0.0721204111352562,-0.7386321508325641
981,110,0.741180214362694,0.252500722724215
982,6241,-0.814473805949092,0.33565494823269504
983,0,0.530362888013075,0.73870752317247
984,5535,-0.8092599587514999,0.310616468405351
985,9974,0.0521546674892306,-0.8512671262957159
986,608,0.45887724421587395,0.8337837167786499
987,23,0.8991891481147121,-0.0367239611089601
988,1878,-0.8568286202666129,-0.0417448782373853
989,7334,-0.6965218762401489,0.46358970911242103
990,6276,0.351251148758456,0.50525258872658
991,22,0.110848680749399,0.32531595663317
992,4,0.732728663788048,0.289463955158711
993,0,0.8527180690447329,0.10759918205695698
994,0,0.749641269722524,0.37966948890328994
995,3,0.0422716808309985,0.0477129715676016
996,2288,0.840023003518582,0.821742701763287
997,9115,-0.828369808662683,0.590596776036546
998,125,0.127952566236675,0.377162824266641
999,9135,-0.591961546847597,0.6897997499909251
